{
    "loss": [
        0.002645845990628004,
        0.0026593150105327368,
        0.002682180143892765,
        0.0026614863891154528,
        0.0026505778077989817,
        0.0027161813341081142,
        0.002605313900858164,
        0.0026396203320473433,
        0.002623007632791996,
        0.0026238057762384415
    ],
    "val_loss": [
        0.002797024790197611,
        0.002677911426872015,
        0.002773362211883068,
        0.00271093612536788,
        0.002683080965653062,
        0.0029640139546245337,
        0.0027142204344272614,
        0.0027926976326853037,
        0.0026750664692372084,
        0.0028715452644973993
    ]
}